Date,Treasury_3M,Treasury_1Y,Treasury_10Y
2015-03-31,0.03,0.26,1.94
2015-04-01,0.03,0.27,1.87
2015-04-02,0.02,0.25,1.92
2015-04-03,0.02,0.21,1.85
2015-04-06,0.03,0.21,1.92
2015-04-07,0.02,0.22,1.89
2015-04-08,0.03,0.22,1.92
2015-04-09,0.03,0.22,1.97
2015-04-10,0.02,0.24,1.96
2015-04-13,0.03,0.23,1.94
2015-04-14,0.02,0.23,1.9
2015-04-15,0.02,0.23,1.91
2015-04-16,0.02,0.22,1.9
2015-04-17,0.01,0.23,1.87
2015-04-20,0.03,0.24,1.9
2015-04-21,0.03,0.23,1.92
2015-04-22,0.03,0.23,1.99
2015-04-23,0.03,0.24,1.96
2015-04-24,0.03,0.24,1.93
2015-04-27,0.02,0.25,1.94
2015-04-28,0.02,0.24,2.0
2015-04-29,0.01,0.25,2.06
2015-04-30,0.01,0.24,2.05
2015-05-01,0.01,0.25,2.12
2015-05-04,0.02,0.25,2.16
2015-05-05,0.01,0.24,2.19
2015-05-06,0.02,0.25,2.25
2015-05-07,0.01,0.24,2.18
2015-05-08,0.01,0.23,2.16
2015-05-11,0.02,0.25,2.28
2015-05-12,0.03,0.25,2.28
2015-05-13,0.02,0.24,2.27
2015-05-14,0.01,0.23,2.23
2015-05-15,0.02,0.23,2.14
2015-05-18,0.02,0.22,2.23
2015-05-19,0.02,0.23,2.27
2015-05-20,0.02,0.23,2.26
2015-05-21,0.02,0.22,2.19
2015-05-22,0.02,0.23,2.21
2015-05-25,0.02,0.23,2.21
2015-05-26,0.02,0.24,2.14
2015-05-27,0.01,0.27,2.14
2015-05-28,0.01,0.26,2.13
2015-05-29,0.01,0.26,2.12
2015-06-01,0.02,0.26,2.19
2015-06-02,0.01,0.26,2.27
2015-06-03,0.02,0.26,2.38
2015-06-04,0.02,0.27,2.31
2015-06-05,0.03,0.29,2.41
2015-06-08,0.02,0.27,2.39
2015-06-09,0.02,0.27,2.42
2015-06-10,0.02,0.28,2.5
2015-06-11,0.01,0.28,2.39
2015-06-12,0.02,0.28,2.39
2015-06-15,0.02,0.28,2.36
2015-06-16,0.01,0.28,2.32
2015-06-17,0.01,0.27,2.32
2015-06-18,0.01,0.26,2.35
2015-06-19,0.01,0.25,2.26
2015-06-22,0.01,0.27,2.37
2015-06-23,0.01,0.3,2.42
2015-06-24,0.01,0.3,2.38
2015-06-25,0.01,0.29,2.4
2015-06-26,0.01,0.29,2.49
2015-06-29,0.02,0.27,2.33
2015-06-30,0.01,0.28,2.35
2015-07-01,0.01,0.28,2.43
2015-07-02,0.01,0.26,2.4
2015-07-03,0.01,0.26,2.4
2015-07-06,0.02,0.26,2.3
2015-07-07,0.02,0.25,2.27
2015-07-08,0.02,0.24,2.22
2015-07-09,0.03,0.25,2.32
2015-07-10,0.01,0.28,2.42
2015-07-13,0.02,0.28,2.44
2015-07-14,0.01,0.27,2.41
2015-07-15,0.02,0.28,2.36
2015-07-16,0.02,0.29,2.36
2015-07-17,0.03,0.29,2.34
2015-07-20,0.04,0.31,2.38
2015-07-21,0.03,0.34,2.35
2015-07-22,0.04,0.34,2.33
2015-07-23,0.03,0.33,2.28
2015-07-24,0.04,0.32,2.27
2015-07-27,0.05,0.32,2.23
2015-07-28,0.05,0.32,2.26
2015-07-29,0.06,0.33,2.29
2015-07-30,0.07,0.36,2.28
2015-07-31,0.08,0.33,2.2
2015-08-03,0.08,0.33,2.16
2015-08-04,0.08,0.37,2.23
2015-08-05,0.08,0.38,2.28
2015-08-06,0.04,0.35,2.23
2015-08-07,0.06,0.38,2.18
2015-08-10,0.12,0.4,2.24
2015-08-11,0.1,0.37,2.15
2015-08-12,0.1,0.37,2.14
2015-08-13,0.1,0.4,2.19
2015-08-14,0.09,0.41,2.2
2015-08-17,0.1,0.4,2.16
2015-08-18,0.07,0.42,2.2
2015-08-19,0.05,0.39,2.12
2015-08-20,0.02,0.39,2.09
2015-08-21,0.03,0.36,2.05
2015-08-24,0.06,0.33,2.01
2015-08-25,0.07,0.36,2.12
2015-08-26,0.06,0.35,2.18
2015-08-27,0.06,0.36,2.18
2015-08-28,0.06,0.38,2.19
2015-08-31,0.08,0.39,2.21
2015-09-01,0.03,0.39,2.17
2015-09-02,0.03,0.37,2.2
2015-09-03,0.02,0.36,2.18
2015-09-04,0.02,0.36,2.13
2015-09-07,0.02,0.36,2.13
2015-09-08,0.06,0.39,2.2
2015-09-09,0.03,0.39,2.21
2015-09-10,0.02,0.39,2.23
2015-09-11,0.04,0.4,2.2
2015-09-14,0.07,0.4,2.18
2015-09-15,0.07,0.47,2.28
2015-09-16,0.06,0.46,2.3
2015-09-17,0.01,0.39,2.21
2015-09-18,0.0,0.35,2.13
2015-09-21,0.01,0.36,2.2
2015-09-22,0.0,0.35,2.14
2015-09-23,0.01,0.34,2.16
2015-09-24,0.01,0.32,2.13
2015-09-25,0.0,0.35,2.17
2015-09-28,0.01,0.34,2.1
2015-09-29,0.01,0.33,2.05
2015-09-30,0.0,0.33,2.06
2015-10-01,0.0,0.31,2.05
2015-10-02,0.0,0.25,1.99
2015-10-05,0.01,0.26,2.07
2015-10-06,0.0,0.26,2.05
2015-10-07,0.0,0.27,2.08
2015-10-08,0.0,0.27,2.12
2015-10-09,0.01,0.28,2.12
2015-10-12,0.01,0.28,2.12
2015-10-13,0.01,0.27,2.06
2015-10-14,0.0,0.21,1.99
2015-10-15,0.01,0.22,2.04
2015-10-16,0.01,0.23,2.04
2015-10-19,0.02,0.23,2.04
2015-10-20,0.02,0.23,2.08
2015-10-21,0.01,0.23,2.04
2015-10-22,0.0,0.23,2.04
2015-10-23,0.01,0.24,2.09
2015-10-26,0.02,0.25,2.07
2015-10-27,0.03,0.29,2.05
2015-10-28,0.04,0.33,2.1
2015-10-29,0.07,0.33,2.19
2015-10-30,0.08,0.34,2.16
2015-11-02,0.08,0.37,2.2
2015-11-03,0.06,0.39,2.23
2015-11-04,0.05,0.4,2.25
2015-11-05,0.05,0.42,2.26
2015-11-06,0.08,0.47,2.34
2015-11-09,0.14,0.47,2.36
2015-11-10,0.13,0.51,2.32
2015-11-11,0.13,0.51,2.32
2015-11-12,0.14,0.51,2.32
2015-11-13,0.14,0.5,2.28
2015-11-16,0.15,0.5,2.27
2015-11-17,0.14,0.5,2.25
2015-11-18,0.12,0.49,2.27
2015-11-19,0.11,0.49,2.24
2015-11-20,0.12,0.49,2.26
2015-11-23,0.14,0.5,2.25
2015-11-24,0.16,0.52,2.24
2015-11-25,0.19,0.52,2.23
2015-11-26,0.19,0.52,2.23
2015-11-27,0.18,0.5,2.22
2015-11-30,0.22,0.51,2.21
2015-12-01,0.21,0.51,2.15
2015-12-02,0.21,0.52,2.18
2015-12-03,0.21,0.57,2.33
2015-12-04,0.23,0.6,2.28
2015-12-07,0.29,0.67,2.23
2015-12-08,0.27,0.76,2.24
2015-12-09,0.26,0.72,2.22
2015-12-10,0.24,0.71,2.24
2015-12-11,0.23,0.68,2.13
2015-12-14,0.26,0.68,2.23
2015-12-15,0.25,0.69,2.28
2015-12-16,0.27,0.7,2.3
2015-12-17,0.23,0.69,2.24
2015-12-18,0.19,0.67,2.19
2015-12-21,0.24,0.64,2.2
2015-12-22,0.21,0.66,2.24
2015-12-23,0.2,0.65,2.27
2015-12-24,0.2,0.64,2.25
2015-12-25,0.2,0.64,2.25
2015-12-28,0.23,0.66,2.24
2015-12-29,0.23,0.67,2.32
2015-12-30,0.21,0.64,2.31
2015-12-31,0.16,0.65,2.27
2016-01-01,0.16,0.65,2.27
2016-01-04,0.22,0.61,2.24
2016-01-05,0.2,0.68,2.25
2016-01-06,0.21,0.67,2.18
2016-01-07,0.2,0.66,2.16
2016-01-08,0.2,0.64,2.13
2016-01-11,0.21,0.63,2.17
2016-01-12,0.21,0.62,2.12
2016-01-13,0.22,0.6,2.08
2016-01-14,0.25,0.55,2.1
2016-01-15,0.24,0.49,2.03
2016-01-18,0.24,0.49,2.03
2016-01-19,0.26,0.48,2.06
2016-01-20,0.26,0.43,2.01
2016-01-21,0.28,0.44,2.02
2016-01-22,0.31,0.47,2.07
2016-01-25,0.31,0.47,2.03
2016-01-26,0.31,0.47,2.01
2016-01-27,0.32,0.47,2.02
2016-01-28,0.35,0.47,2.0
2016-01-29,0.33,0.47,1.94
2016-02-01,0.35,0.47,1.97
2016-02-02,0.34,0.54,1.87
2016-02-03,0.33,0.54,1.88
2016-02-04,0.29,0.52,1.87
2016-02-05,0.3,0.55,1.86
2016-02-08,0.32,0.51,1.75
2016-02-09,0.3,0.52,1.74
2016-02-10,0.31,0.52,1.71
2016-02-11,0.28,0.47,1.63
2016-02-12,0.3,0.51,1.74
2016-02-15,0.3,0.51,1.74
2016-02-16,0.3,0.51,1.78
2016-02-17,0.3,0.53,1.81
2016-02-18,0.3,0.53,1.75
2016-02-19,0.31,0.53,1.76
2016-02-22,0.33,0.55,1.77
2016-02-23,0.32,0.55,1.74
2016-02-24,0.33,0.55,1.75
2016-02-25,0.32,0.56,1.71
2016-02-26,0.33,0.6,1.76
2016-02-29,0.33,0.62,1.74
2016-03-01,0.33,0.68,1.83
2016-03-02,0.36,0.67,1.84
2016-03-03,0.28,0.65,1.83
2016-03-04,0.29,0.67,1.88
2016-03-07,0.32,0.67,1.91
2016-03-08,0.29,0.68,1.83
2016-03-09,0.3,0.68,1.9
2016-03-10,0.32,0.69,1.93
2016-03-11,0.33,0.7,1.98
2016-03-14,0.34,0.7,1.97
2016-03-15,0.34,0.71,1.97
2016-03-16,0.31,0.66,1.94
2016-03-17,0.29,0.64,1.91
2016-03-18,0.3,0.62,1.88
2016-03-21,0.31,0.63,1.92
2016-03-22,0.3,0.64,1.94
2016-03-23,0.3,0.64,1.88
2016-03-24,0.3,0.63,1.91
2016-03-25,0.3,0.63,1.91
2016-03-28,0.29,0.65,1.89
2016-03-29,0.23,0.63,1.81
2016-03-30,0.2,0.61,1.83
2016-03-31,0.21,0.59,1.78
2016-04-01,0.23,0.62,1.79
2016-04-04,0.23,0.59,1.78
2016-04-05,0.23,0.56,1.73
2016-04-06,0.23,0.55,1.76
2016-04-07,0.23,0.52,1.7
2016-04-08,0.23,0.54,1.72
2016-04-11,0.23,0.53,1.73
2016-04-12,0.22,0.54,1.79
2016-04-13,0.23,0.55,1.77
2016-04-14,0.22,0.55,1.8
2016-04-15,0.22,0.53,1.76
2016-04-18,0.22,0.52,1.78
2016-04-19,0.21,0.53,1.79
2016-04-20,0.23,0.54,1.85
2016-04-21,0.23,0.56,1.88
2016-04-22,0.23,0.56,1.89
2016-04-25,0.25,0.57,1.91
2016-04-26,0.24,0.61,1.94
2016-04-27,0.24,0.58,1.87
2016-04-28,0.22,0.56,1.84
2016-04-29,0.22,0.56,1.83
2016-05-02,0.22,0.55,1.88
2016-05-03,0.21,0.53,1.81
2016-05-04,0.19,0.52,1.79
2016-05-05,0.2,0.51,1.76
2016-05-06,0.19,0.51,1.79
2016-05-09,0.24,0.51,1.77
2016-05-10,0.24,0.52,1.77
2016-05-11,0.26,0.53,1.73
2016-05-12,0.27,0.54,1.75
2016-05-13,0.29,0.55,1.71
2016-05-16,0.28,0.57,1.75
2016-05-17,0.28,0.58,1.76
2016-05-18,0.3,0.63,1.87
2016-05-19,0.31,0.64,1.85
2016-05-20,0.33,0.67,1.85
2016-05-23,0.35,0.69,1.84
2016-05-24,0.35,0.69,1.86
2016-05-25,0.33,0.67,1.87
2016-05-26,0.31,0.65,1.83
2016-05-27,0.32,0.68,1.85
2016-05-30,0.32,0.68,1.85
2016-05-31,0.34,0.68,1.84
2016-06-01,0.3,0.7,1.85
2016-06-02,0.29,0.68,1.81
2016-06-03,0.3,0.6,1.71
2016-06-06,0.28,0.6,1.73
2016-06-07,0.28,0.59,1.72
2016-06-08,0.24,0.6,1.71
2016-06-09,0.26,0.59,1.68
2016-06-10,0.26,0.57,1.64
2016-06-13,0.27,0.55,1.62
2016-06-14,0.27,0.55,1.62
2016-06-15,0.26,0.52,1.6
2016-06-16,0.27,0.53,1.57
2016-06-17,0.27,0.51,1.62
2016-06-20,0.28,0.56,1.67
2016-06-21,0.27,0.57,1.71
2016-06-22,0.27,0.56,1.69
2016-06-23,0.31,0.58,1.74
2016-06-24,0.27,0.48,1.57
2016-06-27,0.27,0.45,1.46
2016-06-28,0.26,0.45,1.46
2016-06-29,0.26,0.46,1.5
2016-06-30,0.26,0.45,1.49
2016-07-01,0.28,0.45,1.46
2016-07-04,0.28,0.45,1.46
2016-07-05,0.28,0.44,1.37
2016-07-06,0.27,0.46,1.38
2016-07-07,0.29,0.47,1.4
2016-07-08,0.28,0.48,1.37
2016-07-11,0.31,0.5,1.43
2016-07-12,0.29,0.52,1.53
2016-07-13,0.31,0.51,1.48
2016-07-14,0.32,0.53,1.53
2016-07-15,0.32,0.52,1.6
2016-07-18,0.32,0.52,1.59
2016-07-19,0.31,0.56,1.56
2016-07-20,0.32,0.56,1.59
2016-07-21,0.32,0.54,1.57
2016-07-22,0.33,0.55,1.57
2016-07-25,0.32,0.55,1.58
2016-07-26,0.31,0.55,1.57
2016-07-27,0.31,0.53,1.52
2016-07-28,0.25,0.53,1.52
2016-07-29,0.28,0.5,1.46
2016-08-01,0.29,0.5,1.51
2016-08-02,0.29,0.5,1.55
2016-08-03,0.28,0.53,1.55
2016-08-04,0.26,0.51,1.51
2016-08-05,0.28,0.56,1.59
2016-08-08,0.31,0.57,1.59
2016-08-09,0.29,0.55,1.55
2016-08-10,0.28,0.55,1.5
2016-08-11,0.28,0.55,1.57
2016-08-12,0.29,0.56,1.51
2016-08-15,0.31,0.56,1.55
2016-08-16,0.27,0.57,1.57
2016-08-17,0.3,0.58,1.56
2016-08-18,0.3,0.58,1.53
2016-08-19,0.3,0.59,1.58
2016-08-22,0.29,0.58,1.55
2016-08-23,0.3,0.58,1.55
2016-08-24,0.31,0.59,1.56
2016-08-25,0.33,0.6,1.58
2016-08-26,0.34,0.62,1.62
2016-08-29,0.33,0.62,1.57
2016-08-30,0.33,0.61,1.57
2016-08-31,0.33,0.61,1.58
2016-09-01,0.33,0.6,1.57
2016-09-02,0.33,0.59,1.6
2016-09-05,0.33,0.59,1.6
2016-09-06,0.32,0.56,1.55
2016-09-07,0.34,0.57,1.54
2016-09-08,0.35,0.57,1.61
2016-09-09,0.35,0.58,1.67
2016-09-12,0.37,0.57,1.68
2016-09-13,0.36,0.63,1.73
2016-09-14,0.33,0.62,1.7
2016-09-15,0.29,0.6,1.71
2016-09-16,0.3,0.61,1.7
2016-09-19,0.3,0.6,1.7
2016-09-20,0.3,0.61,1.69
2016-09-21,0.22,0.61,1.66
2016-09-22,0.18,0.6,1.63
2016-09-23,0.18,0.6,1.62
2016-09-26,0.25,0.58,1.59
2016-09-27,0.26,0.58,1.56
2016-09-28,0.27,0.6,1.57
2016-09-29,0.26,0.59,1.56
2016-09-30,0.29,0.59,1.6
2016-10-03,0.32,0.63,1.63
2016-10-04,0.33,0.64,1.69
2016-10-05,0.32,0.65,1.72
2016-10-06,0.33,0.65,1.75
2016-10-07,0.33,0.66,1.73
2016-10-10,0.33,0.66,1.73
2016-10-11,0.35,0.69,1.77
2016-10-12,0.37,0.68,1.79
2016-10-13,0.3,0.66,1.75
2016-10-14,0.32,0.66,1.8
2016-10-17,0.34,0.65,1.77
2016-10-18,0.34,0.66,1.75
2016-10-19,0.35,0.65,1.76
2016-10-20,0.35,0.66,1.76
2016-10-21,0.34,0.66,1.74
2016-10-24,0.33,0.66,1.77
2016-10-25,0.34,0.66,1.77
2016-10-26,0.33,0.67,1.79
2016-10-27,0.3,0.68,1.85
2016-10-28,0.3,0.66,1.86
2016-10-31,0.34,0.66,1.84
2016-11-01,0.35,0.65,1.83
2016-11-02,0.37,0.64,1.81
2016-11-03,0.38,0.64,1.82
2016-11-04,0.38,0.62,1.79
2016-11-07,0.41,0.63,1.83
2016-11-08,0.43,0.71,1.88
2016-11-09,0.45,0.72,2.07
2016-11-10,0.48,0.72,2.15
2016-11-11,0.48,0.72,2.15
2016-11-14,0.55,0.77,2.23
2016-11-15,0.51,0.78,2.23
2016-11-16,0.47,0.76,2.22
2016-11-17,0.44,0.77,2.29
2016-11-18,0.44,0.77,2.34
2016-11-21,0.46,0.78,2.33
2016-11-22,0.49,0.78,2.31
2016-11-23,0.51,0.8,2.36
2016-11-24,0.51,0.8,2.36
2016-11-25,0.49,0.81,2.36
2016-11-28,0.48,0.79,2.32
2016-11-29,0.48,0.78,2.3
2016-11-30,0.48,0.8,2.37
2016-12-01,0.48,0.82,2.45
2016-12-02,0.49,0.8,2.4
2016-12-05,0.49,0.82,2.39
2016-12-06,0.49,0.83,2.39
2016-12-07,0.52,0.85,2.34
2016-12-08,0.51,0.84,2.4
2016-12-09,0.54,0.85,2.47
2016-12-12,0.51,0.85,2.49
2016-12-13,0.54,0.88,2.48
2016-12-14,0.55,0.92,2.54
2016-12-15,0.51,0.91,2.6
2016-12-16,0.51,0.91,2.6
2016-12-19,0.52,0.9,2.54
2016-12-20,0.52,0.9,2.57
2016-12-21,0.52,0.88,2.55
2016-12-22,0.51,0.87,2.55
2016-12-23,0.52,0.87,2.55
2016-12-26,0.52,0.87,2.55
2016-12-27,0.51,0.89,2.57
2016-12-28,0.53,0.9,2.51
2016-12-29,0.47,0.85,2.49
2016-12-30,0.51,0.85,2.45
2017-01-02,0.51,0.85,2.45
2017-01-03,0.53,0.89,2.45
2017-01-04,0.53,0.87,2.46
2017-01-05,0.52,0.83,2.37
2017-01-06,0.53,0.85,2.42
2017-01-09,0.5,0.82,2.38
2017-01-10,0.52,0.82,2.38
2017-01-11,0.52,0.82,2.38
2017-01-12,0.52,0.81,2.36
2017-01-13,0.53,0.82,2.4
2017-01-16,0.53,0.82,2.4
2017-01-17,0.55,0.8,2.33
2017-01-18,0.53,0.82,2.42
2017-01-19,0.52,0.83,2.47
2017-01-20,0.5,0.82,2.48
2017-01-23,0.51,0.79,2.41
2017-01-24,0.51,0.81,2.47
2017-01-25,0.5,0.82,2.53
2017-01-26,0.51,0.82,2.51
2017-01-27,0.52,0.82,2.49
2017-01-30,0.51,0.81,2.49
2017-01-31,0.52,0.84,2.45
2017-02-01,0.51,0.83,2.48
2017-02-02,0.52,0.84,2.48
2017-02-03,0.51,0.82,2.49
2017-02-06,0.53,0.79,2.42
2017-02-07,0.53,0.8,2.4
2017-02-08,0.54,0.79,2.34
2017-02-09,0.54,0.8,2.4
2017-02-10,0.55,0.81,2.41
2017-02-13,0.52,0.82,2.43
2017-02-14,0.54,0.84,2.47
2017-02-15,0.54,0.86,2.51
2017-02-16,0.53,0.82,2.45
2017-02-17,0.53,0.82,2.42
2017-02-20,0.53,0.82,2.42
2017-02-21,0.53,0.83,2.43
2017-02-22,0.52,0.82,2.42
2017-02-23,0.51,0.81,2.38
2017-02-24,0.52,0.8,2.31
2017-02-27,0.5,0.81,2.36
2017-02-28,0.53,0.88,2.36
2017-03-01,0.63,0.92,2.46
2017-03-02,0.67,0.98,2.49
2017-03-03,0.71,0.98,2.49
2017-03-06,0.74,0.97,2.49
2017-03-07,0.76,1.02,2.52
2017-03-08,0.73,1.03,2.57
2017-03-09,0.73,1.04,2.6
2017-03-10,0.75,1.03,2.58
2017-03-13,0.79,1.06,2.62
2017-03-14,0.78,1.06,2.6
2017-03-15,0.73,1.02,2.51
2017-03-16,0.73,1.01,2.53
2017-03-17,0.73,1.0,2.5
2017-03-20,0.76,1.01,2.47
2017-03-21,0.77,1.0,2.43
2017-03-22,0.77,0.99,2.4
2017-03-23,0.76,0.99,2.41
2017-03-24,0.78,1.0,2.4
2017-03-27,0.78,1.0,2.38
2017-03-28,0.78,1.03,2.42
2017-03-29,0.78,1.04,2.39
2017-03-30,0.78,1.03,2.42
2017-03-31,0.76,1.03,2.4
2017-04-03,0.79,1.02,2.35
2017-04-04,0.79,1.03,2.36
2017-04-05,0.8,1.03,2.34
2017-04-06,0.79,1.05,2.34
2017-04-07,0.82,1.08,2.38
2017-04-10,0.82,1.07,2.37
2017-04-11,0.82,1.05,2.32
2017-04-12,0.81,1.04,2.28
2017-04-13,0.81,1.03,2.24
2017-04-14,0.81,1.03,2.24
2017-04-17,0.83,1.04,2.26
2017-04-18,0.82,1.02,2.18
2017-04-19,0.81,1.02,2.21
2017-04-20,0.79,1.01,2.24
2017-04-21,0.79,0.99,2.24
2017-04-24,0.81,1.03,2.28
2017-04-25,0.82,1.09,2.35
2017-04-26,0.83,1.07,2.32
2017-04-27,0.81,1.06,2.3
2017-04-28,0.8,1.07,2.29
2017-05-01,0.83,1.09,2.33
2017-05-02,0.82,1.08,2.29
2017-05-03,0.85,1.1,2.33
2017-05-04,0.86,1.11,2.36
2017-05-05,0.9,1.1,2.36
2017-05-08,0.91,1.12,2.39
2017-05-09,0.91,1.14,2.42
2017-05-10,0.9,1.13,2.41
2017-05-11,0.89,1.13,2.39
2017-05-12,0.88,1.11,2.33
2017-05-15,0.9,1.11,2.34
2017-05-16,0.9,1.11,2.33
2017-05-17,0.9,1.08,2.22
2017-05-18,0.93,1.09,2.23
2017-05-19,0.92,1.1,2.23
2017-05-22,0.93,1.12,2.25
2017-05-23,0.92,1.14,2.29
2017-05-24,0.93,1.18,2.26
2017-05-25,0.94,1.16,2.25
2017-05-26,0.94,1.17,2.25
2017-05-29,0.94,1.17,2.25
2017-05-30,0.93,1.16,2.21
2017-05-31,0.98,1.17,2.21
2017-06-01,0.98,1.16,2.21
2017-06-02,0.98,1.16,2.15
2017-06-05,0.96,1.16,2.18
2017-06-06,0.97,1.16,2.14
2017-06-07,1.0,1.17,2.18
2017-06-08,1.01,1.19,2.19
2017-06-09,1.01,1.2,2.21
2017-06-12,0.98,1.19,2.21
2017-06-13,1.0,1.22,2.21
2017-06-14,1.01,1.2,2.15
2017-06-15,1.02,1.21,2.16
2017-06-16,1.03,1.21,2.16
2017-06-19,1.02,1.22,2.19
2017-06-20,1.01,1.22,2.16
2017-06-21,0.99,1.22,2.16
2017-06-22,0.96,1.22,2.15
2017-06-23,0.97,1.21,2.15
2017-06-26,0.99,1.2,2.14
2017-06-27,1.0,1.22,2.21
2017-06-28,1.02,1.21,2.22
2017-06-29,1.04,1.23,2.27
2017-06-30,1.03,1.24,2.31
2017-07-03,1.06,1.24,2.35
2017-07-04,1.06,1.24,2.35
2017-07-05,1.05,1.24,2.33
2017-07-06,1.04,1.23,2.37
2017-07-07,1.05,1.22,2.39
2017-07-10,1.04,1.23,2.38
2017-07-11,1.05,1.2,2.37
2017-07-12,1.05,1.21,2.33
2017-07-13,1.05,1.23,2.35
2017-07-14,1.04,1.22,2.33
2017-07-17,1.07,1.22,2.31
2017-07-18,1.07,1.19,2.27
2017-07-19,1.11,1.23,2.27
2017-07-20,1.15,1.22,2.27
2017-07-21,1.16,1.22,2.24
2017-07-24,1.17,1.23,2.26
2017-07-25,1.18,1.24,2.33
2017-07-26,1.13,1.23,2.29
2017-07-27,1.11,1.22,2.32
2017-07-28,1.08,1.22,2.3
2017-07-31,1.07,1.23,2.3
2017-08-01,1.08,1.22,2.26
2017-08-02,1.08,1.24,2.27
2017-08-03,1.08,1.22,2.24
2017-08-04,1.08,1.23,2.27
2017-08-07,1.02,1.22,2.26
2017-08-08,1.06,1.24,2.29
2017-08-09,1.06,1.21,2.24
2017-08-10,1.05,1.22,2.2
2017-08-11,1.03,1.21,2.19
2017-08-14,1.02,1.23,2.22
2017-08-15,1.04,1.23,2.27
2017-08-16,1.02,1.24,2.23
2017-08-17,1.0,1.24,2.19
2017-08-18,1.02,1.24,2.19
2017-08-21,1.0,1.23,2.18
2017-08-22,1.0,1.24,2.22
2017-08-23,1.0,1.22,2.17
2017-08-24,1.02,1.23,2.19
2017-08-25,1.03,1.23,2.17
2017-08-28,0.98,1.24,2.16
2017-08-29,1.03,1.23,2.13
2017-08-30,1.03,1.23,2.15
2017-08-31,1.01,1.23,2.12
2017-09-01,1.02,1.24,2.16
2017-09-04,1.02,1.24,2.16
2017-09-05,1.03,1.23,2.07
2017-09-06,1.07,1.24,2.1
2017-09-07,1.05,1.21,2.05
2017-09-08,1.04,1.22,2.06
2017-09-11,1.05,1.24,2.14
2017-09-12,1.03,1.27,2.17
2017-09-13,1.04,1.27,2.2
2017-09-14,1.05,1.28,2.2
2017-09-15,1.05,1.3,2.2
2017-09-18,1.05,1.3,2.23
2017-09-19,1.04,1.31,2.24
2017-09-20,1.04,1.32,2.28
2017-09-21,1.04,1.31,2.27
2017-09-22,1.03,1.3,2.26
2017-09-25,1.05,1.3,2.22
2017-09-26,1.06,1.31,2.24
2017-09-27,1.07,1.33,2.31
2017-09-28,1.06,1.31,2.31
2017-09-29,1.06,1.31,2.33
2017-10-02,1.01,1.31,2.34
2017-10-03,1.07,1.32,2.33
2017-10-04,1.08,1.33,2.33
2017-10-05,1.07,1.35,2.35
2017-10-06,1.07,1.35,2.37
2017-10-09,1.07,1.35,2.37
2017-10-10,1.08,1.42,2.35
2017-10-11,1.1,1.4,2.35
2017-10-12,1.09,1.41,2.33
2017-10-13,1.09,1.39,2.28
2017-10-16,1.1,1.42,2.3
2017-10-17,1.09,1.41,2.3
2017-10-18,1.09,1.42,2.34
2017-10-19,1.1,1.41,2.33
2017-10-20,1.11,1.43,2.39
2017-10-23,1.09,1.42,2.38
2017-10-24,1.12,1.43,2.42
2017-10-25,1.12,1.43,2.44
2017-10-26,1.11,1.43,2.46
2017-10-27,1.1,1.42,2.42
2017-10-30,1.12,1.42,2.37
2017-10-31,1.15,1.43,2.38
2017-11-01,1.18,1.46,2.37
2017-11-02,1.17,1.46,2.35
2017-11-03,1.18,1.49,2.34
2017-11-06,1.19,1.5,2.32
2017-11-07,1.22,1.49,2.32
2017-11-08,1.23,1.53,2.32
2017-11-09,1.24,1.53,2.33
2017-11-10,1.23,1.54,2.4
2017-11-13,1.24,1.55,2.4
2017-11-14,1.26,1.55,2.38
2017-11-15,1.25,1.55,2.33
2017-11-16,1.27,1.59,2.37
2017-11-17,1.29,1.6,2.35
2017-11-20,1.3,1.62,2.37
2017-11-21,1.3,1.62,2.36
2017-11-22,1.29,1.61,2.32
2017-11-23,1.29,1.61,2.32
2017-11-24,1.29,1.61,2.34
2017-11-27,1.27,1.62,2.32
2017-11-28,1.3,1.61,2.34
2017-11-29,1.29,1.61,2.37
2017-11-30,1.27,1.62,2.42
2017-12-01,1.27,1.62,2.37
2017-12-04,1.29,1.66,2.37
2017-12-05,1.3,1.64,2.36
2017-12-06,1.3,1.68,2.33
2017-12-07,1.29,1.67,2.37
2017-12-08,1.28,1.65,2.38
2017-12-11,1.33,1.69,2.39
2017-12-12,1.34,1.7,2.4
2017-12-13,1.3,1.68,2.36
2017-12-14,1.32,1.7,2.35
2017-12-15,1.31,1.71,2.35
2017-12-18,1.38,1.7,2.39
2017-12-19,1.37,1.71,2.46
2017-12-20,1.38,1.72,2.49
2017-12-21,1.35,1.73,2.48
2017-12-22,1.33,1.73,2.48
2017-12-25,1.33,1.73,2.48
2017-12-26,1.47,1.75,2.47
2017-12-27,1.44,1.75,2.42
2017-12-28,1.39,1.76,2.43
2017-12-29,1.39,1.76,2.4
2018-01-01,1.39,1.76,2.4
2018-01-02,1.44,1.83,2.46
2018-01-03,1.41,1.81,2.44
2018-01-04,1.41,1.82,2.46
2018-01-05,1.39,1.8,2.47
2018-01-08,1.45,1.79,2.49
2018-01-09,1.44,1.78,2.55
2018-01-10,1.42,1.78,2.55
2018-01-11,1.43,1.77,2.54
2018-01-12,1.43,1.78,2.55
2018-01-15,1.43,1.78,2.55
2018-01-16,1.45,1.79,2.54
2018-01-17,1.44,1.79,2.57
2018-01-18,1.45,1.79,2.62
2018-01-19,1.44,1.79,2.64
2018-01-22,1.44,1.79,2.66
2018-01-23,1.44,1.78,2.63
2018-01-24,1.43,1.79,2.65
2018-01-25,1.42,1.8,2.63
2018-01-26,1.41,1.8,2.66
2018-01-29,1.44,1.8,2.7
2018-01-30,1.44,1.88,2.73
2018-01-31,1.46,1.9,2.72
2018-02-01,1.48,1.89,2.78
2018-02-02,1.48,1.88,2.84
2018-02-05,1.51,1.85,2.77
2018-02-06,1.52,1.87,2.79
2018-02-07,1.55,1.91,2.84
2018-02-08,1.55,1.91,2.85
2018-02-09,1.55,1.89,2.83
2018-02-12,1.62,1.93,2.86
2018-02-13,1.59,1.95,2.83
2018-02-14,1.58,1.98,2.91
2018-02-15,1.58,1.99,2.9
2018-02-16,1.62,2.0,2.87
2018-02-19,1.62,2.0,2.87
2018-02-20,1.66,2.01,2.88
2018-02-21,1.64,2.03,2.94
2018-02-22,1.63,2.02,2.92
2018-02-23,1.64,2.02,2.88
2018-02-26,1.66,2.03,2.86
2018-02-27,1.66,2.08,2.9
2018-02-28,1.65,2.07,2.87
2018-03-01,1.63,2.05,2.81
2018-03-02,1.65,2.06,2.86
2018-03-05,1.7,2.06,2.88
2018-03-06,1.68,2.06,2.88
2018-03-07,1.68,2.05,2.89
2018-03-08,1.67,2.05,2.86
2018-03-09,1.67,2.03,2.9
2018-03-12,1.71,2.05,2.87
2018-03-13,1.73,2.03,2.84
2018-03-14,1.76,2.05,2.81
2018-03-15,1.77,2.07,2.82
2018-03-16,1.78,2.08,2.85
2018-03-19,1.8,2.08,2.85
2018-03-20,1.81,2.08,2.89
2018-03-21,1.74,2.06,2.89
2018-03-22,1.72,2.05,2.83
2018-03-23,1.74,2.04,2.82
2018-03-26,1.79,2.06,2.85
2018-03-27,1.77,2.1,2.78
2018-03-28,1.73,2.12,2.77
2018-03-29,1.73,2.09,2.74
2018-03-30,1.73,2.09,2.74
2018-04-02,1.77,2.08,2.73
2018-04-03,1.75,2.09,2.79
2018-04-04,1.71,2.07,2.79
2018-04-05,1.72,2.07,2.83
2018-04-06,1.73,2.06,2.77
2018-04-09,1.76,2.08,2.78
2018-04-10,1.74,2.09,2.8
2018-04-11,1.73,2.09,2.79
2018-04-12,1.75,2.11,2.83
2018-04-13,1.76,2.12,2.82
2018-04-16,1.79,2.12,2.83
2018-04-17,1.8,2.16,2.82
2018-04-18,1.81,2.17,2.87
2018-04-19,1.82,2.21,2.92
2018-04-20,1.81,2.22,2.96
2018-04-23,1.87,2.25,2.98
2018-04-24,1.87,2.25,3.0
2018-04-25,1.85,2.26,3.03
2018-04-26,1.82,2.25,3.0
2018-04-27,1.82,2.24,2.96
2018-04-30,1.87,2.24,2.95
2018-05-01,1.85,2.26,2.97
2018-05-02,1.84,2.24,2.97
2018-05-03,1.84,2.24,2.94
2018-05-04,1.84,2.24,2.95
2018-05-07,1.86,2.25,2.95
2018-05-08,1.87,2.26,2.97
2018-05-09,1.88,2.27,3.0
2018-05-10,1.9,2.27,2.97
2018-05-11,1.92,2.28,2.97
2018-05-14,1.93,2.28,3.0
2018-05-15,1.92,2.31,3.08
2018-05-16,1.92,2.32,3.09
2018-05-17,1.92,2.32,3.11
2018-05-18,1.91,2.32,3.06
2018-05-21,1.93,2.35,3.06
2018-05-22,1.93,2.34,3.06
2018-05-23,1.92,2.29,3.01
2018-05-24,1.91,2.28,2.98
2018-05-25,1.9,2.27,2.93
2018-05-28,1.9,2.27,2.93
2018-05-29,1.93,2.17,2.77
2018-05-30,1.94,2.23,2.84
2018-05-31,1.93,2.23,2.83
2018-06-01,1.92,2.28,2.89
2018-06-04,1.94,2.3,2.94
2018-06-05,1.94,2.32,2.92
2018-06-06,1.95,2.32,2.97
2018-06-07,1.94,2.31,2.93
2018-06-08,1.93,2.3,2.93
2018-06-11,1.94,2.32,2.96
2018-06-12,1.92,2.31,2.96
2018-06-13,1.94,2.35,2.98
2018-06-14,1.94,2.35,2.94
2018-06-15,1.94,2.35,2.93
2018-06-18,1.94,2.35,2.92
2018-06-19,1.94,2.34,2.89
2018-06-20,1.94,2.36,2.93
2018-06-21,1.94,2.34,2.9
2018-06-22,1.93,2.33,2.9
2018-06-25,1.93,2.34,2.87
2018-06-26,1.93,2.33,2.88
2018-06-27,1.93,2.33,2.83
2018-06-28,1.93,2.33,2.84
2018-06-29,1.93,2.33,2.85
2018-07-02,1.98,2.34,2.87
2018-07-03,1.98,2.33,2.83
2018-07-04,1.98,2.33,2.83
2018-07-05,1.96,2.32,2.84
2018-07-06,1.97,2.34,2.82
2018-07-09,1.98,2.34,2.86
2018-07-10,1.99,2.36,2.87
2018-07-11,1.97,2.36,2.85
2018-07-12,1.98,2.39,2.85
2018-07-13,1.98,2.37,2.83
2018-07-16,2.01,2.39,2.85
2018-07-17,2.02,2.39,2.86
2018-07-18,2.0,2.43,2.88
2018-07-19,2.0,2.4,2.84
2018-07-20,1.99,2.41,2.89
2018-07-23,1.99,2.42,2.96
2018-07-24,2.02,2.42,2.95
2018-07-25,2.01,2.42,2.94
2018-07-26,1.99,2.41,2.98
2018-07-27,2.0,2.43,2.96
2018-07-30,2.04,2.43,2.98
2018-07-31,2.03,2.44,2.96
2018-08-01,2.03,2.45,3.0
2018-08-02,2.02,2.45,2.98
2018-08-03,2.01,2.43,2.95
2018-08-06,2.05,2.44,2.94
2018-08-07,2.06,2.45,2.98
2018-08-08,2.06,2.44,2.96
2018-08-09,2.06,2.44,2.93
2018-08-10,2.05,2.42,2.87
2018-08-13,2.06,2.42,2.88
2018-08-14,2.08,2.44,2.89
2018-08-15,2.07,2.45,2.86
2018-08-16,2.07,2.45,2.87
2018-08-17,2.05,2.44,2.87
2018-08-20,2.06,2.43,2.82
2018-08-21,2.08,2.45,2.85
2018-08-22,2.09,2.43,2.82
2018-08-23,2.08,2.43,2.82
2018-08-24,2.09,2.44,2.82
2018-08-27,2.12,2.47,2.85
2018-08-28,2.13,2.47,2.88
2018-08-29,2.13,2.48,2.89
2018-08-30,2.11,2.47,2.86
2018-08-31,2.11,2.46,2.86
2018-09-03,2.11,2.46,2.86
2018-09-04,2.13,2.49,2.9
2018-09-05,2.14,2.49,2.9
2018-09-06,2.13,2.5,2.88
2018-09-07,2.14,2.53,2.94
2018-09-10,2.14,2.54,2.94
2018-09-11,2.15,2.55,2.98
2018-09-12,2.16,2.56,2.97
2018-09-13,2.15,2.55,2.97
2018-09-14,2.16,2.56,2.99
2018-09-17,2.16,2.57,2.99
2018-09-18,2.17,2.58,3.05
2018-09-19,2.16,2.58,3.08
2018-09-20,2.17,2.58,3.07
2018-09-21,2.18,2.58,3.07
2018-09-24,2.22,2.6,3.08
2018-09-25,2.21,2.59,3.1
2018-09-26,2.2,2.58,3.06
2018-09-27,2.18,2.58,3.06
2018-09-28,2.19,2.59,3.05
2018-10-01,2.23,2.6,3.09
2018-10-02,2.23,2.61,3.05
2018-10-03,2.23,2.62,3.15
2018-10-04,2.22,2.63,3.19
2018-10-05,2.23,2.64,3.23
2018-10-08,2.23,2.64,3.23
2018-10-09,2.25,2.65,3.21
2018-10-10,2.27,2.67,3.22
2018-10-11,2.27,2.66,3.14
2018-10-12,2.28,2.66,3.15
2018-10-15,2.31,2.67,3.16
2018-10-16,2.3,2.66,3.16
2018-10-17,2.31,2.66,3.19
2018-10-18,2.32,2.67,3.17
2018-10-19,2.31,2.67,3.2
2018-10-22,2.34,2.68,3.2
2018-10-23,2.33,2.67,3.17
2018-10-24,2.34,2.64,3.1
2018-10-25,2.34,2.66,3.14
2018-10-26,2.33,2.63,3.08
2018-10-29,2.34,2.64,3.08
2018-10-30,2.33,2.66,3.12
2018-10-31,2.34,2.69,3.15
2018-11-01,2.32,2.67,3.14
2018-11-02,2.33,2.7,3.22
2018-11-05,2.36,2.71,3.2
2018-11-06,2.35,2.72,3.22
2018-11-07,2.37,2.74,3.22
2018-11-08,2.35,2.74,3.24
2018-11-09,2.36,2.73,3.19
2018-11-12,2.36,2.73,3.19
2018-11-13,2.38,2.72,3.14
2018-11-14,2.38,2.71,3.12
2018-11-15,2.37,2.7,3.11
2018-11-16,2.36,2.68,3.08
2018-11-19,2.38,2.66,3.06
2018-11-20,2.39,2.67,3.06
2018-11-21,2.41,2.67,3.06
2018-11-22,2.41,2.67,3.06
2018-11-23,2.41,2.67,3.05
2018-11-26,2.41,2.7,3.07
2018-11-27,2.41,2.7,3.06
2018-11-28,2.4,2.69,3.06
2018-11-29,2.37,2.69,3.03
2018-11-30,2.37,2.7,3.01
2018-12-03,2.38,2.72,2.98
2018-12-04,2.42,2.71,2.91
2018-12-05,2.42,2.71,2.91
2018-12-06,2.41,2.7,2.87
2018-12-07,2.4,2.68,2.85
2018-12-10,2.41,2.69,2.85
2018-12-11,2.41,2.7,2.89
2018-12-12,2.43,2.7,2.91
2018-12-13,2.43,2.69,2.91
2018-12-14,2.42,2.68,2.89
2018-12-17,2.4,2.66,2.86
2018-12-18,2.39,2.64,2.82
2018-12-19,2.4,2.62,2.77
2018-12-20,2.39,2.64,2.79
2018-12-21,2.39,2.62,2.79
2018-12-24,2.45,2.61,2.74
2018-12-25,2.45,2.61,2.74
2018-12-26,2.44,2.61,2.81
2018-12-27,2.41,2.58,2.77
2018-12-28,2.4,2.57,2.72
2018-12-31,2.45,2.63,2.69
2019-01-01,2.45,2.63,2.69
2019-01-02,2.42,2.6,2.66
2019-01-03,2.41,2.5,2.56
2019-01-04,2.42,2.57,2.67
2019-01-07,2.45,2.58,2.7
2019-01-08,2.46,2.6,2.73
2019-01-09,2.45,2.59,2.74
2019-01-10,2.43,2.59,2.74
2019-01-11,2.43,2.58,2.71
2019-01-14,2.45,2.57,2.71
2019-01-15,2.45,2.57,2.72
2019-01-16,2.43,2.57,2.73
2019-01-17,2.42,2.57,2.75
2019-01-18,2.41,2.6,2.79
2019-01-21,2.41,2.6,2.79
2019-01-22,2.43,2.59,2.74
2019-01-23,2.41,2.59,2.76
2019-01-24,2.37,2.58,2.72
2019-01-25,2.39,2.6,2.76
2019-01-28,2.42,2.6,2.75
2019-01-29,2.42,2.6,2.72
2019-01-30,2.42,2.57,2.7
2019-01-31,2.41,2.55,2.63
2019-02-01,2.4,2.56,2.7
2019-02-04,2.42,2.57,2.73
2019-02-05,2.42,2.56,2.71
2019-02-06,2.42,2.56,2.7
2019-02-07,2.42,2.55,2.65
2019-02-08,2.43,2.54,2.63
2019-02-11,2.45,2.55,2.65
2019-02-12,2.43,2.55,2.68
2019-02-13,2.44,2.55,2.71
2019-02-14,2.43,2.53,2.66
2019-02-15,2.43,2.55,2.66
2019-02-18,2.43,2.55,2.66
2019-02-19,2.45,2.54,2.65
2019-02-20,2.45,2.54,2.65
2019-02-21,2.45,2.55,2.69
2019-02-22,2.46,2.55,2.65
2019-02-25,2.47,2.56,2.67
2019-02-26,2.45,2.55,2.64
2019-02-27,2.45,2.54,2.69
2019-02-28,2.45,2.54,2.73
2019-03-01,2.44,2.55,2.76
2019-03-04,2.46,2.54,2.72
2019-03-05,2.46,2.54,2.72
2019-03-06,2.47,2.54,2.69
2019-03-07,2.45,2.52,2.64
2019-03-08,2.46,2.53,2.62
2019-03-11,2.46,2.53,2.64
2019-03-12,2.46,2.52,2.61
2019-03-13,2.45,2.53,2.61
2019-03-14,2.45,2.52,2.63
2019-03-15,2.45,2.52,2.59
2019-03-18,2.44,2.52,2.6
2019-03-19,2.46,2.5,2.61
2019-03-20,2.48,2.47,2.54
2019-03-21,2.49,2.48,2.54
2019-03-22,2.46,2.45,2.44
2019-03-25,2.46,2.41,2.43
2019-03-26,2.46,2.44,2.41
2019-03-27,2.44,2.4,2.39
2019-03-28,2.43,2.4,2.39
2019-03-29,2.4,2.4,2.41
2019-04-01,2.43,2.41,2.49
2019-04-02,2.42,2.41,2.48
2019-04-03,2.44,2.41,2.52
2019-04-04,2.44,2.41,2.51
2019-04-05,2.44,2.43,2.5
2019-04-08,2.43,2.43,2.52
2019-04-09,2.42,2.42,2.51
2019-04-10,2.43,2.41,2.48
2019-04-11,2.43,2.44,2.51
2019-04-12,2.44,2.44,2.56
2019-04-15,2.43,2.43,2.55
2019-04-16,2.43,2.45,2.6
2019-04-17,2.44,2.44,2.59
2019-04-18,2.42,2.44,2.57
2019-04-19,2.42,2.44,2.57
2019-04-22,2.44,2.46,2.59
2019-04-23,2.45,2.43,2.57
2019-04-24,2.44,2.42,2.53
2019-04-25,2.43,2.42,2.54
2019-04-26,2.42,2.41,2.51
2019-04-29,2.44,2.42,2.54
2019-04-30,2.43,2.39,2.51
2019-05-01,2.43,2.39,2.52
2019-05-02,2.47,2.41,2.55
2019-05-03,2.43,2.41,2.54
2019-05-06,2.44,2.39,2.51
2019-05-07,2.43,2.37,2.45
2019-05-08,2.43,2.37,2.49
2019-05-09,2.43,2.36,2.45
2019-05-10,2.43,2.36,2.47
2019-05-13,2.41,2.32,2.4
2019-05-14,2.41,2.32,2.42
2019-05-15,2.42,2.3,2.37
2019-05-16,2.4,2.33,2.4
2019-05-17,2.39,2.33,2.39
2019-05-20,2.39,2.34,2.41
2019-05-21,2.39,2.36,2.43
2019-05-22,2.38,2.37,2.39
2019-05-23,2.37,2.32,2.31
2019-05-24,2.35,2.33,2.32
2019-05-27,2.35,2.33,2.32
2019-05-28,2.37,2.31,2.26
2019-05-29,2.37,2.3,2.25
2019-05-30,2.38,2.29,2.22
2019-05-31,2.35,2.21,2.14
2019-06-03,2.35,2.11,2.07
2019-06-04,2.35,2.11,2.12
2019-06-05,2.35,2.04,2.12
2019-06-06,2.33,2.02,2.12
2019-06-07,2.28,1.97,2.09
2019-06-10,2.29,2.03,2.15
2019-06-11,2.27,2.05,2.15
2019-06-12,2.24,2.02,2.13
2019-06-13,2.19,2.0,2.1
2019-06-14,2.2,2.0,2.09
2019-06-17,2.23,2.03,2.09
2019-06-18,2.22,2.04,2.06
2019-06-19,2.18,1.96,2.03
2019-06-20,2.14,1.91,2.01
2019-06-21,2.11,1.95,2.07
2019-06-24,2.13,1.92,2.02
2019-06-25,2.12,1.93,2.0
2019-06-26,2.15,1.96,2.05
2019-06-27,2.14,1.93,2.01
2019-06-28,2.12,1.92,2.0
2019-07-01,2.21,1.94,2.03
2019-07-02,2.2,1.91,1.98
2019-07-03,2.21,1.91,1.96
2019-07-04,2.21,1.91,1.96
2019-07-05,2.23,1.98,2.04
2019-07-08,2.26,1.99,2.05
2019-07-09,2.26,2.0,2.07
2019-07-10,2.2,1.93,2.07
2019-07-11,2.17,1.97,2.13
2019-07-12,2.14,1.96,2.12
2019-07-15,2.16,1.95,2.09
2019-07-16,2.15,2.0,2.13
2019-07-17,2.14,1.95,2.06
2019-07-18,2.05,1.9,2.04
2019-07-19,2.06,1.94,2.05
2019-07-22,2.09,1.95,2.05
2019-07-23,2.06,1.97,2.08
2019-07-24,2.1,1.98,2.05
2019-07-25,2.1,1.99,2.08
2019-07-26,2.12,2.0,2.08
2019-07-29,2.12,1.98,2.06
2019-07-30,2.08,1.97,2.06
2019-07-31,2.08,2.0,2.02
2019-08-01,2.07,1.88,1.9
2019-08-02,2.06,1.85,1.86
2019-08-05,2.05,1.78,1.75
2019-08-06,2.05,1.8,1.73
2019-08-07,2.02,1.75,1.71
2019-08-08,2.02,1.79,1.72
2019-08-09,2.0,1.78,1.74
2019-08-12,2.0,1.75,1.65
2019-08-13,2.0,1.86,1.68
2019-08-14,1.96,1.79,1.59
2019-08-15,1.91,1.72,1.52
2019-08-16,1.87,1.71,1.55
2019-08-19,1.94,1.75,1.6
2019-08-20,1.94,1.72,1.55
2019-08-21,1.97,1.77,1.59
2019-08-22,2.0,1.79,1.62
2019-08-23,1.97,1.73,1.52
2019-08-26,2.01,1.75,1.54
2019-08-27,1.98,1.77,1.49
2019-08-28,1.99,1.74,1.47
2019-08-29,1.99,1.75,1.5
2019-08-30,1.99,1.76,1.5
2019-09-02,1.99,1.76,1.5
2019-09-03,1.98,1.72,1.47
2019-09-04,1.97,1.69,1.47
2019-09-05,1.97,1.73,1.57
2019-09-06,1.96,1.73,1.55
2019-09-09,1.96,1.74,1.63
2019-09-10,1.95,1.81,1.72
2019-09-11,1.96,1.79,1.75
2019-09-12,1.95,1.82,1.79
2019-09-13,1.96,1.88,1.9
2019-09-16,1.99,1.86,1.84
2019-09-17,1.99,1.87,1.81
2019-09-18,1.95,1.87,1.8
2019-09-19,1.93,1.88,1.79
2019-09-20,1.91,1.84,1.74
2019-09-23,1.94,1.81,1.72
2019-09-24,1.92,1.78,1.64
2019-09-25,1.89,1.82,1.73
2019-09-26,1.83,1.79,1.7
2019-09-27,1.8,1.74,1.69
2019-09-30,1.88,1.75,1.68
2019-10-01,1.82,1.73,1.65
2019-10-02,1.79,1.67,1.6
2019-10-03,1.7,1.58,1.54
2019-10-04,1.71,1.58,1.52
2019-10-07,1.75,1.64,1.56
2019-10-08,1.72,1.62,1.54
2019-10-09,1.69,1.59,1.59
2019-10-10,1.68,1.63,1.67
2019-10-11,1.68,1.67,1.76
2019-10-14,1.68,1.67,1.76
2019-10-15,1.67,1.65,1.77
2019-10-16,1.66,1.59,1.75
2019-10-17,1.66,1.59,1.76
2019-10-18,1.66,1.58,1.76
2019-10-21,1.67,1.59,1.8
2019-10-22,1.65,1.59,1.78
2019-10-23,1.65,1.58,1.77
2019-10-24,1.67,1.59,1.77
2019-10-25,1.66,1.6,1.8
2019-10-28,1.65,1.6,1.85
2019-10-29,1.63,1.59,1.84
2019-10-30,1.62,1.59,1.78
2019-10-31,1.54,1.53,1.69
2019-11-01,1.52,1.53,1.73
2019-11-04,1.53,1.56,1.79
2019-11-05,1.56,1.62,1.86
2019-11-06,1.56,1.58,1.81
2019-11-07,1.56,1.58,1.92
2019-11-08,1.55,1.58,1.94
2019-11-11,1.55,1.58,1.94
2019-11-12,1.59,1.58,1.92
2019-11-13,1.57,1.57,1.88
2019-11-14,1.57,1.55,1.82
2019-11-15,1.57,1.54,1.84
2019-11-18,1.57,1.54,1.81
2019-11-19,1.57,1.54,1.79
2019-11-20,1.57,1.54,1.73
2019-11-21,1.58,1.55,1.77
2019-11-22,1.58,1.56,1.77
2019-11-25,1.61,1.58,1.76
2019-11-26,1.6,1.59,1.74
2019-11-27,1.62,1.6,1.77
2019-11-28,1.62,1.6,1.77
2019-11-29,1.59,1.6,1.78
2019-12-02,1.6,1.6,1.83
2019-12-03,1.57,1.57,1.72
2019-12-04,1.55,1.56,1.77
2019-12-05,1.54,1.56,1.8
2019-12-06,1.53,1.57,1.84
2019-12-09,1.54,1.56,1.83
2019-12-10,1.56,1.56,1.85
2019-12-11,1.57,1.55,1.79
2019-12-12,1.56,1.55,1.9
2019-12-13,1.57,1.54,1.82
2019-12-16,1.57,1.54,1.89
2019-12-17,1.56,1.53,1.89
2019-12-18,1.56,1.54,1.92
2019-12-19,1.57,1.52,1.92
2019-12-20,1.58,1.52,1.92
2019-12-23,1.59,1.53,1.93
2019-12-24,1.58,1.53,1.9
2019-12-25,1.58,1.53,1.9
2019-12-26,1.58,1.53,1.9
2019-12-27,1.57,1.51,1.88
2019-12-30,1.57,1.57,1.9
2019-12-31,1.55,1.59,1.92
2020-01-01,1.55,1.59,1.92
2020-01-02,1.54,1.56,1.88
2020-01-03,1.52,1.55,1.8
2020-01-06,1.56,1.54,1.81
2020-01-07,1.54,1.53,1.83
2020-01-08,1.54,1.55,1.87
2020-01-09,1.54,1.54,1.85
2020-01-10,1.54,1.53,1.83
2020-01-13,1.57,1.53,1.85
2020-01-14,1.57,1.53,1.82
2020-01-15,1.57,1.54,1.79
2020-01-16,1.55,1.54,1.81
2020-01-17,1.56,1.56,1.84
2020-01-20,1.56,1.56,1.84
2020-01-21,1.56,1.54,1.78
2020-01-22,1.55,1.55,1.77
2020-01-23,1.55,1.55,1.74
2020-01-24,1.54,1.55,1.7
2020-01-27,1.55,1.53,1.61
2020-01-28,1.57,1.53,1.65
2020-01-29,1.56,1.51,1.6
2020-01-30,1.57,1.48,1.57
2020-01-31,1.55,1.45,1.51
2020-02-03,1.57,1.46,1.54
2020-02-04,1.57,1.48,1.61
2020-02-05,1.57,1.49,1.66
2020-02-06,1.57,1.51,1.65
2020-02-07,1.56,1.49,1.59
2020-02-10,1.58,1.45,1.56
2020-02-11,1.57,1.48,1.59
2020-02-12,1.58,1.49,1.62
2020-02-13,1.59,1.48,1.61
2020-02-14,1.58,1.49,1.59
2020-02-17,1.58,1.49,1.59
2020-02-18,1.58,1.47,1.55
2020-02-19,1.58,1.47,1.56
2020-02-20,1.58,1.46,1.52
2020-02-21,1.56,1.43,1.46
2020-02-24,1.53,1.35,1.38
2020-02-25,1.53,1.3,1.33
2020-02-26,1.53,1.26,1.33
2020-02-27,1.45,1.18,1.3
2020-02-28,1.27,0.97,1.13
2020-03-02,1.13,0.89,1.1
2020-03-03,0.95,0.73,1.02
2020-03-04,0.72,0.59,1.02
2020-03-05,0.62,0.48,0.92
2020-03-06,0.45,0.39,0.74
2020-03-09,0.33,0.31,0.54
2020-03-10,0.44,0.43,0.76
2020-03-11,0.42,0.4,0.82
2020-03-12,0.33,0.39,0.88
2020-03-13,0.28,0.38,0.94
2020-03-16,0.24,0.29,0.73
2020-03-17,0.19,0.3,1.02
2020-03-18,0.02,0.21,1.18
2020-03-19,0.04,0.2,1.12
2020-03-20,0.05,0.15,0.92
2020-03-23,0.02,0.17,0.76
2020-03-24,0.01,0.25,0.84
2020-03-25,0.0,0.19,0.88
2020-03-26,0.0,0.13,0.83
2020-03-27,0.03,0.11,0.72
2020-03-30,0.12,0.14,0.7
2020-03-31,0.11,0.17,0.7
2020-04-01,0.09,0.16,0.62
2020-04-02,0.09,0.14,0.63
2020-04-03,0.1,0.15,0.62
2020-04-06,0.15,0.2,0.67
2020-04-07,0.14,0.2,0.75
2020-04-08,0.22,0.23,0.77
2020-04-09,0.25,0.25,0.73
2020-04-10,0.25,0.25,0.73
2020-04-13,0.26,0.27,0.76
2020-04-14,0.2,0.25,0.76
2020-04-15,0.14,0.19,0.63
2020-04-16,0.14,0.17,0.61
2020-04-17,0.12,0.16,0.65
2020-04-20,0.12,0.15,0.63
2020-04-21,0.11,0.17,0.58
2020-04-22,0.12,0.16,0.63
2020-04-23,0.11,0.17,0.61
2020-04-24,0.12,0.18,0.6
2020-04-27,0.12,0.17,0.67
2020-04-28,0.11,0.16,0.62
2020-04-29,0.1,0.18,0.63
2020-04-30,0.09,0.16,0.64
2020-05-01,0.12,0.17,0.64
2020-05-04,0.13,0.16,0.64
2020-05-05,0.13,0.16,0.66
2020-05-06,0.12,0.16,0.72
2020-05-07,0.11,0.15,0.63
2020-05-08,0.12,0.15,0.69
2020-05-11,0.12,0.16,0.73
2020-05-12,0.13,0.16,0.69
2020-05-13,0.13,0.15,0.64
2020-05-14,0.12,0.15,0.63
2020-05-15,0.12,0.15,0.64
2020-05-18,0.13,0.17,0.73
2020-05-19,0.13,0.16,0.7
2020-05-20,0.12,0.16,0.68
2020-05-21,0.12,0.16,0.68
2020-05-22,0.12,0.17,0.66
2020-05-25,0.12,0.17,0.66
2020-05-26,0.14,0.17,0.69
2020-05-27,0.15,0.18,0.68
2020-05-28,0.15,0.17,0.7
2020-05-29,0.14,0.17,0.65
2020-06-01,0.14,0.17,0.66
2020-06-02,0.15,0.17,0.68
2020-06-03,0.16,0.17,0.77
2020-06-04,0.15,0.17,0.82
2020-06-05,0.15,0.18,0.91
2020-06-08,0.17,0.19,0.88
2020-06-09,0.19,0.19,0.84
2020-06-10,0.17,0.18,0.75
2020-06-11,0.17,0.19,0.66
2020-06-12,0.16,0.18,0.71
2020-06-15,0.18,0.17,0.71
2020-06-16,0.17,0.18,0.75
2020-06-17,0.17,0.19,0.74
2020-06-18,0.16,0.19,0.71
2020-06-19,0.15,0.18,0.7
2020-06-22,0.16,0.17,0.71
2020-06-23,0.16,0.18,0.72
2020-06-24,0.15,0.17,0.69
2020-06-25,0.16,0.17,0.68
2020-06-26,0.14,0.17,0.64
2020-06-29,0.14,0.16,0.64
2020-06-30,0.16,0.16,0.66
2020-07-01,0.14,0.16,0.69
2020-07-02,0.14,0.16,0.68
2020-07-03,0.14,0.16,0.68
2020-07-06,0.15,0.16,0.69
2020-07-07,0.15,0.15,0.65
2020-07-08,0.15,0.15,0.67
2020-07-09,0.13,0.15,0.62
2020-07-10,0.13,0.15,0.65
2020-07-13,0.14,0.16,0.64
2020-07-14,0.15,0.17,0.63
2020-07-15,0.16,0.15,0.64
2020-07-16,0.11,0.14,0.62
2020-07-17,0.11,0.14,0.64
2020-07-20,0.13,0.14,0.62
2020-07-21,0.13,0.15,0.61
2020-07-22,0.13,0.14,0.6
2020-07-23,0.12,0.14,0.59
2020-07-24,0.11,0.16,0.59
2020-07-27,0.11,0.14,0.62
2020-07-28,0.11,0.14,0.59
2020-07-29,0.11,0.13,0.58
2020-07-30,0.09,0.11,0.55
2020-07-31,0.09,0.11,0.55
2020-08-03,0.1,0.12,0.56
2020-08-04,0.09,0.14,0.52
2020-08-05,0.1,0.12,0.55
2020-08-06,0.1,0.14,0.55
2020-08-07,0.1,0.14,0.57
2020-08-10,0.11,0.13,0.59
2020-08-11,0.11,0.15,0.64
2020-08-12,0.11,0.13,0.69
2020-08-13,0.1,0.14,0.71
2020-08-14,0.1,0.13,0.71
2020-08-17,0.1,0.13,0.69
2020-08-18,0.09,0.13,0.67
2020-08-19,0.11,0.13,0.68
2020-08-20,0.11,0.12,0.65
2020-08-21,0.1,0.13,0.64
2020-08-24,0.12,0.14,0.65
2020-08-25,0.11,0.13,0.69
2020-08-26,0.11,0.12,0.69
2020-08-27,0.11,0.13,0.74
2020-08-28,0.1,0.12,0.74
2020-08-31,0.11,0.12,0.72
2020-09-01,0.12,0.12,0.68
2020-09-02,0.12,0.13,0.66
2020-09-03,0.11,0.12,0.63
2020-09-04,0.11,0.13,0.72
2020-09-07,0.11,0.13,0.72
2020-09-08,0.13,0.15,0.69
2020-09-09,0.12,0.14,0.71
2020-09-10,0.12,0.15,0.68
2020-09-11,0.11,0.13,0.67
2020-09-14,0.11,0.14,0.68
2020-09-15,0.11,0.13,0.68
2020-09-16,0.12,0.12,0.69
2020-09-17,0.09,0.12,0.69
2020-09-18,0.1,0.13,0.7
2020-09-21,0.1,0.12,0.68
2020-09-22,0.1,0.12,0.68
2020-09-23,0.11,0.13,0.68
2020-09-24,0.1,0.12,0.67
2020-09-25,0.1,0.12,0.66
2020-09-28,0.11,0.12,0.67
2020-09-29,0.09,0.12,0.66
2020-09-30,0.1,0.12,0.69
2020-10-01,0.09,0.12,0.68
2020-10-02,0.09,0.12,0.7
2020-10-05,0.1,0.12,0.78
2020-10-06,0.1,0.14,0.76
2020-10-07,0.1,0.13,0.81
2020-10-08,0.09,0.13,0.78
2020-10-09,0.1,0.15,0.79
2020-10-12,0.1,0.15,0.79
2020-10-13,0.11,0.13,0.74
2020-10-14,0.12,0.13,0.73
2020-10-15,0.11,0.12,0.74
2020-10-16,0.11,0.12,0.76
2020-10-19,0.11,0.13,0.78
2020-10-20,0.1,0.13,0.81
2020-10-21,0.1,0.13,0.83
2020-10-22,0.09,0.13,0.87
2020-10-23,0.1,0.12,0.85
2020-10-26,0.11,0.12,0.81
2020-10-27,0.1,0.12,0.79
2020-10-28,0.1,0.12,0.79
2020-10-29,0.09,0.12,0.85
2020-10-30,0.09,0.13,0.88
2020-11-02,0.09,0.13,0.87
2020-11-03,0.1,0.14,0.9
2020-11-04,0.1,0.12,0.78
2020-11-05,0.1,0.12,0.79
2020-11-06,0.1,0.12,0.83
2020-11-09,0.11,0.12,0.96
2020-11-10,0.1,0.12,0.98
2020-11-11,0.1,0.12,0.98
2020-11-12,0.1,0.13,0.88
2020-11-13,0.09,0.12,0.89
2020-11-16,0.09,0.12,0.91
2020-11-17,0.09,0.12,0.87
2020-11-18,0.09,0.11,0.88
2020-11-19,0.07,0.11,0.86
2020-11-20,0.07,0.11,0.83
2020-11-23,0.08,0.1,0.86
2020-11-24,0.09,0.11,0.88
2020-11-25,0.09,0.11,0.88
2020-11-26,0.09,0.11,0.88
2020-11-27,0.09,0.11,0.84
2020-11-30,0.08,0.11,0.84
2020-12-01,0.09,0.12,0.92
2020-12-02,0.09,0.11,0.95
2020-12-03,0.08,0.1,0.92
2020-12-04,0.09,0.11,0.97
2020-12-07,0.08,0.1,0.94
2020-12-08,0.09,0.1,0.92
2020-12-09,0.08,0.1,0.95
2020-12-10,0.08,0.1,0.92
2020-12-11,0.08,0.1,0.9
2020-12-14,0.09,0.1,0.9
2020-12-15,0.08,0.09,0.92
2020-12-16,0.09,0.09,0.92
2020-12-17,0.08,0.09,0.94
2020-12-18,0.08,0.09,0.95
2020-12-21,0.09,0.09,0.95
2020-12-22,0.09,0.09,0.93
2020-12-23,0.09,0.09,0.96
2020-12-24,0.09,0.1,0.94
2020-12-25,0.09,0.1,0.94
2020-12-28,0.11,0.11,0.94
2020-12-29,0.1,0.11,0.94
2020-12-30,0.08,0.12,0.93
2020-12-31,0.09,0.1,0.93
2021-01-01,0.09,0.1,0.93
2021-01-04,0.09,0.1,0.93
2021-01-05,0.09,0.1,0.96
2021-01-06,0.09,0.11,1.04
2021-01-07,0.09,0.11,1.08
2021-01-08,0.08,0.1,1.13
2021-01-11,0.08,0.1,1.15
2021-01-12,0.09,0.11,1.15
2021-01-13,0.09,0.12,1.1
2021-01-14,0.09,0.1,1.15
2021-01-15,0.09,0.1,1.11
2021-01-18,0.09,0.1,1.11
2021-01-19,0.09,0.1,1.1
2021-01-20,0.08,0.1,1.1
2021-01-21,0.09,0.1,1.12
2021-01-22,0.08,0.1,1.1
2021-01-25,0.09,0.1,1.05
2021-01-26,0.07,0.09,1.05
2021-01-27,0.08,0.09,1.04
2021-01-28,0.07,0.08,1.07
2021-01-29,0.06,0.1,1.11
2021-02-01,0.07,0.08,1.09
2021-02-02,0.07,0.08,1.12
2021-02-03,0.04,0.08,1.15
2021-02-04,0.04,0.07,1.15
2021-02-05,0.03,0.06,1.19
2021-02-08,0.05,0.07,1.19
2021-02-09,0.04,0.07,1.18
2021-02-10,0.05,0.07,1.15
2021-02-11,0.05,0.07,1.16
2021-02-12,0.04,0.06,1.2
2021-02-15,0.04,0.06,1.2
2021-02-16,0.04,0.08,1.3
2021-02-17,0.04,0.07,1.29
2021-02-18,0.03,0.06,1.29
2021-02-19,0.04,0.07,1.34
2021-02-22,0.03,0.06,1.37
2021-02-23,0.04,0.08,1.37
2021-02-24,0.03,0.08,1.38
2021-02-25,0.04,0.09,1.54
2021-02-26,0.04,0.08,1.44
2021-03-01,0.05,0.08,1.45
2021-03-02,0.04,0.08,1.42
2021-03-03,0.05,0.08,1.47
2021-03-04,0.04,0.08,1.54
2021-03-05,0.04,0.08,1.56
2021-03-08,0.05,0.09,1.59
2021-03-09,0.05,0.1,1.55
2021-03-10,0.04,0.08,1.53
2021-03-11,0.04,0.08,1.54
2021-03-12,0.04,0.09,1.64
2021-03-15,0.04,0.08,1.62
2021-03-16,0.02,0.07,1.62
2021-03-17,0.02,0.07,1.63
2021-03-18,0.01,0.08,1.71
2021-03-19,0.01,0.07,1.74
2021-03-22,0.03,0.06,1.69
2021-03-23,0.01,0.08,1.63
2021-03-24,0.02,0.07,1.62
2021-03-25,0.02,0.07,1.63
2021-03-26,0.02,0.06,1.67
2021-03-29,0.03,0.06,1.73
2021-03-30,0.02,0.06,1.73
2021-03-31,0.03,0.07,1.74
2021-04-01,0.02,0.06,1.69
2021-04-02,0.02,0.07,1.72
2021-04-05,0.03,0.06,1.73
2021-04-06,0.02,0.06,1.67
2021-04-07,0.02,0.06,1.68
2021-04-08,0.01,0.05,1.64
2021-04-09,0.02,0.06,1.67
2021-04-12,0.02,0.06,1.69
2021-04-13,0.03,0.06,1.64
2021-04-14,0.02,0.06,1.64
2021-04-15,0.02,0.06,1.56
2021-04-16,0.02,0.06,1.59
2021-04-19,0.02,0.08,1.61
2021-04-20,0.03,0.07,1.58
2021-04-21,0.03,0.07,1.57
2021-04-22,0.03,0.06,1.57
2021-04-23,0.03,0.07,1.58
2021-04-26,0.03,0.06,1.58
2021-04-27,0.01,0.06,1.63
2021-04-28,0.01,0.05,1.63
2021-04-29,0.01,0.05,1.65
2021-04-30,0.01,0.05,1.65
2021-05-03,0.04,0.06,1.63
2021-05-04,0.02,0.06,1.61
2021-05-05,0.02,0.06,1.59
2021-05-06,0.02,0.05,1.58
2021-05-07,0.02,0.05,1.6
2021-05-10,0.02,0.05,1.63
2021-05-11,0.01,0.05,1.64
2021-05-12,0.02,0.05,1.69
2021-05-13,0.02,0.05,1.66
2021-05-14,0.01,0.06,1.63
2021-05-17,0.02,0.06,1.64
2021-05-18,0.02,0.06,1.64
2021-05-19,0.01,0.05,1.68
2021-05-20,0.01,0.05,1.63
2021-05-21,0.01,0.04,1.63
2021-05-24,0.02,0.04,1.61
2021-05-25,0.02,0.04,1.56
2021-05-26,0.02,0.04,1.58
2021-05-27,0.02,0.04,1.61
2021-05-28,0.01,0.05,1.58
2021-05-31,0.01,0.05,1.58
2021-06-01,0.02,0.04,1.62
2021-06-02,0.02,0.05,1.59
2021-06-03,0.02,0.04,1.63
2021-06-04,0.02,0.05,1.56
2021-06-07,0.02,0.05,1.57
2021-06-08,0.02,0.05,1.53
2021-06-09,0.03,0.05,1.5
2021-06-10,0.03,0.05,1.45
2021-06-11,0.03,0.05,1.47
2021-06-14,0.03,0.05,1.51
2021-06-15,0.03,0.08,1.51
2021-06-16,0.04,0.08,1.57
2021-06-17,0.04,0.08,1.52
2021-06-18,0.05,0.09,1.45
2021-06-21,0.05,0.09,1.5
2021-06-22,0.04,0.09,1.48
2021-06-23,0.05,0.08,1.5
2021-06-24,0.05,0.08,1.49
2021-06-25,0.06,0.09,1.54
2021-06-28,0.05,0.08,1.49
2021-06-29,0.04,0.08,1.49
2021-06-30,0.05,0.07,1.45
2021-07-01,0.05,0.09,1.48
2021-07-02,0.05,0.08,1.44
2021-07-05,0.05,0.08,1.44
2021-07-06,0.05,0.07,1.37
2021-07-07,0.05,0.08,1.33
2021-07-08,0.06,0.07,1.3
2021-07-09,0.06,0.08,1.37
2021-07-12,0.05,0.08,1.38
2021-07-13,0.05,0.08,1.42
2021-07-14,0.06,0.08,1.37
2021-07-15,0.05,0.07,1.31
2021-07-16,0.05,0.08,1.31
2021-07-19,0.05,0.07,1.19
2021-07-20,0.05,0.08,1.23
2021-07-21,0.05,0.07,1.3
2021-07-22,0.05,0.07,1.27
2021-07-23,0.05,0.07,1.3
2021-07-26,0.05,0.08,1.29
2021-07-27,0.05,0.07,1.25
2021-07-28,0.05,0.07,1.26
2021-07-29,0.06,0.08,1.28
2021-07-30,0.06,0.07,1.24
2021-08-02,0.05,0.07,1.2
2021-08-03,0.05,0.07,1.19
2021-08-04,0.05,0.07,1.19
2021-08-05,0.05,0.08,1.23
2021-08-06,0.06,0.09,1.31
2021-08-09,0.06,0.08,1.33
2021-08-10,0.05,0.08,1.36
2021-08-11,0.05,0.08,1.35
2021-08-12,0.06,0.09,1.36
2021-08-13,0.06,0.08,1.29
2021-08-16,0.06,0.08,1.26
2021-08-17,0.07,0.07,1.26
2021-08-18,0.07,0.07,1.27
2021-08-19,0.06,0.06,1.24
2021-08-20,0.05,0.06,1.26
2021-08-23,0.05,0.07,1.25
2021-08-24,0.05,0.06,1.29
2021-08-25,0.06,0.07,1.35
2021-08-26,0.05,0.07,1.34
2021-08-27,0.05,0.07,1.31
2021-08-30,0.05,0.08,1.29
2021-08-31,0.04,0.07,1.3
2021-09-01,0.05,0.07,1.31
2021-09-02,0.05,0.07,1.29
2021-09-03,0.05,0.08,1.33
2021-09-06,0.05,0.08,1.33
2021-09-07,0.05,0.08,1.38
2021-09-08,0.05,0.08,1.35
2021-09-09,0.04,0.07,1.3
2021-09-10,0.05,0.08,1.35
2021-09-13,0.06,0.07,1.33
2021-09-14,0.04,0.07,1.28
2021-09-15,0.04,0.07,1.31
2021-09-16,0.04,0.07,1.34
2021-09-17,0.04,0.07,1.37
2021-09-20,0.04,0.07,1.31
2021-09-21,0.03,0.07,1.33
2021-09-22,0.03,0.08,1.32
2021-09-23,0.03,0.08,1.41
2021-09-24,0.03,0.08,1.47
2021-09-27,0.04,0.09,1.48
2021-09-28,0.04,0.09,1.54
2021-09-29,0.04,0.09,1.55
2021-09-30,0.04,0.09,1.52
2021-10-01,0.04,0.09,1.48
2021-10-04,0.04,0.09,1.49
2021-10-05,0.04,0.09,1.54
2021-10-06,0.04,0.1,1.53
2021-10-07,0.05,0.1,1.58
2021-10-08,0.05,0.09,1.61
2021-10-11,0.05,0.09,1.61
2021-10-12,0.06,0.1,1.59
2021-10-13,0.05,0.11,1.56
2021-10-14,0.05,0.1,1.52
2021-10-15,0.05,0.12,1.59
2021-10-18,0.06,0.11,1.59
2021-10-19,0.05,0.11,1.65
2021-10-20,0.05,0.1,1.65
2021-10-21,0.06,0.12,1.68
2021-10-22,0.06,0.13,1.66
2021-10-25,0.06,0.14,1.64
2021-10-26,0.06,0.14,1.63
2021-10-27,0.06,0.12,1.54
2021-10-28,0.06,0.15,1.57
2021-10-29,0.05,0.15,1.55
2021-11-01,0.05,0.15,1.58
2021-11-02,0.05,0.15,1.56
2021-11-03,0.05,0.17,1.6
2021-11-04,0.04,0.14,1.53
2021-11-05,0.05,0.14,1.45
2021-11-08,0.06,0.16,1.51
2021-11-09,0.04,0.14,1.46
2021-11-10,0.05,0.17,1.56
2021-11-11,0.05,0.17,1.56
2021-11-12,0.05,0.17,1.58
2021-11-15,0.05,0.18,1.63
2021-11-16,0.05,0.17,1.63
2021-11-17,0.05,0.18,1.6
2021-11-18,0.05,0.18,1.59
2021-11-19,0.05,0.18,1.54
2021-11-22,0.05,0.2,1.63
2021-11-23,0.06,0.21,1.67
2021-11-24,0.06,0.24,1.64
2021-11-25,0.06,0.24,1.64
2021-11-26,0.06,0.2,1.48
2021-11-29,0.06,0.21,1.52
2021-11-30,0.05,0.24,1.43
2021-12-01,0.06,0.25,1.43
2021-12-02,0.05,0.27,1.44
2021-12-03,0.06,0.26,1.35
2021-12-06,0.05,0.28,1.43
2021-12-07,0.06,0.31,1.48
2021-12-08,0.07,0.29,1.52
2021-12-09,0.06,0.28,1.49
2021-12-10,0.06,0.27,1.48
2021-12-13,0.05,0.27,1.42
2021-12-14,0.05,0.26,1.44
2021-12-15,0.05,0.29,1.47
2021-12-16,0.05,0.26,1.44
2021-12-17,0.05,0.27,1.41
2021-12-20,0.07,0.27,1.43
2021-12-21,0.07,0.29,1.48
2021-12-22,0.08,0.28,1.46
2021-12-23,0.07,0.31,1.5
2021-12-24,0.07,0.31,1.5
2021-12-27,0.06,0.33,1.48
2021-12-28,0.06,0.39,1.49
2021-12-29,0.05,0.38,1.55
2021-12-30,0.05,0.38,1.52
2021-12-31,0.06,0.39,1.52
2022-01-03,0.08,0.4,1.63
2022-01-04,0.08,0.38,1.66
2022-01-05,0.09,0.41,1.71
2022-01-06,0.1,0.45,1.73
2022-01-07,0.1,0.43,1.76
2022-01-10,0.13,0.46,1.78
2022-01-11,0.11,0.46,1.75
2022-01-12,0.12,0.48,1.74
2022-01-13,0.12,0.47,1.7
2022-01-14,0.13,0.51,1.78
2022-01-17,0.13,0.51,1.78
2022-01-18,0.16,0.58,1.87
2022-01-19,0.17,0.57,1.83
2022-01-20,0.17,0.6,1.83
2022-01-21,0.17,0.58,1.75
2022-01-24,0.19,0.58,1.75
2022-01-25,0.19,0.65,1.78
2022-01-26,0.19,0.7,1.85
2022-01-27,0.2,0.75,1.81
2022-01-28,0.19,0.75,1.78
2022-01-31,0.22,0.78,1.79
2022-02-01,0.19,0.78,1.81
2022-02-02,0.19,0.76,1.78
2022-02-03,0.2,0.78,1.82
2022-02-04,0.23,0.89,1.93
2022-02-07,0.27,0.88,1.92
2022-02-08,0.25,0.91,1.96
2022-02-09,0.26,0.91,1.94
2022-02-10,0.4,1.14,2.03
2022-02-11,0.36,1.07,1.92
2022-02-14,0.43,1.13,1.98
2022-02-15,0.4,1.11,2.05
2022-02-16,0.38,1.09,2.03
2022-02-17,0.36,1.05,1.97
2022-02-18,0.35,1.03,1.92
2022-02-21,0.35,1.03,1.92
2022-02-22,0.37,1.17,1.94
2022-02-23,0.34,1.16,1.99
2022-02-24,0.32,1.08,1.96
2022-02-25,0.33,1.13,1.97
2022-02-28,0.35,1.01,1.83
2022-03-01,0.32,0.91,1.72
2022-03-02,0.34,1.06,1.86
2022-03-03,0.38,1.08,1.86
2022-03-04,0.34,1.05,1.74
2022-03-07,0.38,1.07,1.78
2022-03-08,0.36,1.12,1.86
2022-03-09,0.38,1.15,1.94
2022-03-10,0.39,1.19,1.98
2022-03-11,0.4,1.22,2.0
2022-03-14,0.45,1.28,2.14
2022-03-15,0.46,1.28,2.15
2022-03-16,0.44,1.35,2.19
2022-03-17,0.4,1.3,2.2
2022-03-18,0.42,1.29,2.14
2022-03-21,0.54,1.4,2.32
2022-03-22,0.51,1.59,2.38
2022-03-23,0.5,1.52,2.32
2022-03-24,0.52,1.55,2.34
2022-03-25,0.55,1.67,2.48
2022-03-28,0.59,1.69,2.46
2022-03-29,0.55,1.67,2.41
2022-03-30,0.55,1.64,2.35
2022-03-31,0.52,1.63,2.32
2022-04-01,0.53,1.72,2.39
2022-04-04,0.66,1.72,2.42
2022-04-05,0.65,1.77,2.54
2022-04-06,0.67,1.79,2.61
2022-04-07,0.68,1.78,2.66
2022-04-08,0.7,1.81,2.72
2022-04-11,0.77,1.85,2.79
2022-04-12,0.74,1.77,2.72
2022-04-13,0.75,1.78,2.7
2022-04-14,0.79,1.84,2.83
2022-04-15,0.79,1.84,2.83
2022-04-18,0.81,1.84,2.85
2022-04-19,0.81,1.94,2.93
2022-04-20,0.82,1.93,2.85
2022-04-21,0.83,2.01,2.9
2022-04-22,0.83,2.06,2.9
2022-04-25,0.91,2.03,2.81
2022-04-26,0.83,1.99,2.77
2022-04-27,0.82,1.97,2.82
2022-04-28,0.82,2.04,2.85
2022-04-29,0.85,2.1,2.89
2022-05-02,0.9,2.1,2.99
2022-05-03,0.91,2.16,2.97
2022-05-04,0.89,2.07,2.93
2022-05-05,0.85,2.08,3.05
2022-05-06,0.85,2.08,3.12
2022-05-09,0.92,1.99,3.05
2022-05-10,0.89,2.01,2.99
2022-05-11,0.91,1.99,2.91
2022-05-12,0.96,1.96,2.84
2022-05-13,1.03,2.04,2.93
2022-05-16,1.07,2.07,2.88
2022-05-17,1.06,2.16,2.98
2022-05-18,1.03,2.16,2.89
2022-05-19,1.05,2.11,2.84
2022-05-20,1.03,2.07,2.78
2022-05-23,1.07,2.09,2.86
2022-05-24,1.06,2.02,2.76
2022-05-25,1.06,2.01,2.75
2022-05-26,1.07,1.99,2.75
2022-05-27,1.08,2.01,2.74
2022-05-30,1.08,2.01,2.74
2022-05-31,1.16,2.08,2.85
2022-06-01,1.15,2.16,2.94
2022-06-02,1.17,2.15,2.92
2022-06-03,1.21,2.18,2.96
2022-06-06,1.26,2.23,3.04
2022-06-07,1.26,2.26,2.98
2022-06-08,1.28,2.29,3.03
2022-06-09,1.3,2.35,3.04
2022-06-10,1.39,2.58,3.15
2022-06-13,1.73,2.89,3.43
2022-06-14,1.83,3.15,3.49
2022-06-15,1.74,2.93,3.33
2022-06-16,1.59,2.88,3.28
2022-06-17,1.63,2.86,3.25
2022-06-20,1.63,2.86,3.25
2022-06-21,1.7,2.92,3.31
2022-06-22,1.61,2.79,3.16
2022-06-23,1.65,2.78,3.09
2022-06-24,1.73,2.83,3.13
2022-06-27,1.79,2.89,3.2
2022-06-28,1.79,2.88,3.2
2022-06-29,1.78,2.88,3.1
2022-06-30,1.72,2.8,2.98
2022-07-01,1.73,2.79,2.88
2022-07-04,1.73,2.79,2.88
2022-07-05,1.9,2.77,2.82
2022-07-06,1.9,2.82,2.93
2022-07-07,1.95,2.87,3.01
2022-07-08,1.98,2.96,3.09
2022-07-11,2.18,2.97,2.99
2022-07-12,2.22,3.07,2.96
2022-07-13,2.39,3.21,2.91
2022-07-14,2.4,3.16,2.96
2022-07-15,2.37,3.12,2.93
2022-07-18,2.5,3.13,2.96
2022-07-19,2.52,3.18,3.01
2022-07-20,2.51,3.18,3.04
2022-07-21,2.48,3.11,2.91
2022-07-22,2.49,3.01,2.77
2022-07-25,2.62,3.07,2.81
2022-07-26,2.55,3.06,2.81
2022-07-27,2.44,3.0,2.78
2022-07-28,2.42,2.93,2.68
2022-07-29,2.41,2.98,2.67
2022-08-01,2.56,2.98,2.6
2022-08-02,2.56,3.09,2.75
2022-08-03,2.52,3.14,2.73
2022-08-04,2.5,3.11,2.68
2022-08-05,2.58,3.29,2.83
2022-08-08,2.65,3.3,2.77
2022-08-09,2.67,3.33,2.8
2022-08-10,2.65,3.26,2.78
2022-08-11,2.62,3.25,2.87
2022-08-12,2.63,3.26,2.84
2022-08-15,2.72,3.23,2.79
2022-08-16,2.7,3.26,2.82
2022-08-17,2.68,3.27,2.89
2022-08-18,2.71,3.24,2.88
2022-08-19,2.74,3.26,2.98
2022-08-22,2.82,3.32,3.03
2022-08-23,2.8,3.29,3.05
2022-08-24,2.82,3.35,3.11
2022-08-25,2.88,3.33,3.03
2022-08-26,2.89,3.36,3.04
2022-08-29,2.97,3.43,3.12
2022-08-30,2.97,3.48,3.11
2022-08-31,2.96,3.5,3.15
2022-09-01,2.97,3.51,3.26
2022-09-02,2.94,3.47,3.2
2022-09-05,2.94,3.47,3.2
2022-09-06,3.04,3.61,3.33
2022-09-07,3.07,3.6,3.27
2022-09-08,3.06,3.6,3.29
2022-09-09,3.08,3.67,3.33
2022-09-12,3.17,3.7,3.37
2022-09-13,3.28,3.92,3.42
2022-09-14,3.24,3.95,3.41
2022-09-15,3.22,4.0,3.45
2022-09-16,3.2,3.96,3.45
2022-09-19,3.37,4.05,3.49
2022-09-20,3.35,4.03,3.57
2022-09-21,3.31,4.08,3.51
2022-09-22,3.29,4.08,3.7
2022-09-23,3.24,4.15,3.69
2022-09-26,3.39,4.17,3.88
2022-09-27,3.35,4.16,3.97
2022-09-28,3.4,3.99,3.72
2022-09-29,3.36,3.98,3.76
2022-09-30,3.33,4.05,3.83
2022-10-03,3.46,4.01,3.67
2022-10-04,3.45,4.15,3.62
2022-10-05,3.46,4.14,3.76
2022-10-06,3.46,4.19,3.83
2022-10-07,3.45,4.24,3.89
2022-10-10,3.45,4.24,3.89
2022-10-11,3.67,4.28,3.93
2022-10-12,3.7,4.28,3.91
2022-10-13,3.79,4.46,3.97
2022-10-14,3.81,4.5,4.0
2022-10-17,3.97,4.5,4.02
2022-10-18,4.04,4.5,4.01
2022-10-19,4.07,4.6,4.14
2022-10-20,4.09,4.66,4.24
2022-10-21,4.09,4.58,4.21
2022-10-24,4.16,4.61,4.25
2022-10-25,4.14,4.6,4.1
2022-10-26,4.11,4.54,4.04
2022-10-27,4.13,4.5,3.96
2022-10-28,4.18,4.55,4.02
2022-10-31,4.22,4.66,4.1
2022-11-01,4.23,4.75,4.07
2022-11-02,4.22,4.76,4.1
2022-11-03,4.25,4.78,4.14
2022-11-04,4.21,4.76,4.17
2022-11-07,4.29,4.8,4.22
2022-11-08,4.28,4.77,4.14
2022-11-09,4.29,4.75,4.12
2022-11-10,4.28,4.59,3.82
2022-11-11,4.28,4.59,3.82
2022-11-14,4.34,4.63,3.88
2022-11-15,4.31,4.6,3.8
2022-11-16,4.32,4.62,3.67
2022-11-17,4.32,4.68,3.77
2022-11-18,4.34,4.74,3.82
2022-11-21,4.41,4.75,3.83
2022-11-22,4.4,4.79,3.76
2022-11-23,4.4,4.75,3.71
2022-11-24,4.4,4.75,3.71
2022-11-25,4.41,4.76,3.68
2022-11-28,4.41,4.76,3.69
2022-11-29,4.38,4.78,3.75
2022-11-30,4.37,4.74,3.68
2022-12-01,4.33,4.66,3.53
2022-12-02,4.34,4.69,3.51
2022-12-05,4.36,4.77,3.6
2022-12-06,4.37,4.73,3.51
2022-12-07,4.29,4.67,3.42
2022-12-08,4.28,4.71,3.48
2022-12-09,4.31,4.72,3.57
2022-12-12,4.38,4.75,3.61
2022-12-13,4.35,4.64,3.51
2022-12-14,4.33,4.64,3.49
2022-12-15,4.34,4.65,3.44
2022-12-16,4.31,4.61,3.48
2022-12-19,4.37,4.64,3.57
2022-12-20,4.35,4.64,3.69
2022-12-21,4.33,4.6,3.68
2022-12-22,4.35,4.64,3.67
2022-12-23,4.34,4.66,3.75
2022-12-26,4.34,4.66,3.75
2022-12-27,4.46,4.75,3.84
2022-12-28,4.46,4.71,3.88
2022-12-29,4.45,4.71,3.83
2022-12-30,4.42,4.73,3.88
